<?xml version="1.0" encoding="UTF-8"?>
<addon id="plugin.video.ditto-rain"
       name="Ditto"
       version="1.0.6"
       provider-name="YoColdRain">
    <requires>
        <import addon="xbmc.python" version="2.1.0"/>
        <import addon="script.module.addon.common" version="2.0.0" />
    </requires>
    <extension point="xbmc.python.pluginsource"
               library="default.py">
        <provides>video</provides>
    </extension>
    <extension point="xbmc.addon.metadata">
		<summary lang="en"> This addon provides DittoTV.com material.  If any errors occur, please email.</summary>
        <platform>all</platform>
        <summary>DittoTV.com - Watch DittoTV</summary>
        <email>yocoldrain@gmail.com</email>
    </extension>
</addon>
